{
	"easycom": {
		"^u-(.*)": "@/uview-ui/components/u-$1/u-$1.vue"
	},
	"pages": [ //pages数组中第一项表示应用启动页，参考：https://uniapp.dcloud.io/collocation/pages
	    {
            "path" : "pages/home/home",
            "style" :                                                                                    
            {
				"navigationBarTitleText":"潞州人社",
                "enablePullDownRefresh": false
            }
            
        }
        ,{
            "path" : "pages/my/my",
            "style" :                                                                                    
            {
                "navigationBarTitleText": "",
                "enablePullDownRefresh": false
            }
            
        }
    ],
	"globalStyle": {
		"navigationBarTextStyle": "black",
		"navigationBarTitleText": "uni-app",
		"navigationBarBackgroundColor": "#F8F8F8",
		"backgroundColor": "#F8F8F8"
	},
	"tabBar": {
		"color": "#333333",
		"selectedColor": "#3E80F6",
		"backgroundColor": "#F8F8F8",
		"borderStyle": "black",
		"list": [{
				"pagePath": "pages/home/home",
				"iconPath": "static/img/house_un.png",
				"selectedIconPath": "static/img/house.png",
				"text": "首页"
			},
			{
				"pagePath": "pages/my/my",
				"iconPath": "static/img/my_un.png",
				"selectedIconPath": "static/img/my.png",
				"text": "我的"
			}

		]

	}
}
