{
  "setting": {},
  "condition": {
    "plugin": {
      "list": []
    },
    "game": {
      "list": []
    },
    "gamePlugin": {
      "list": []
    },
    "miniprogram": {
      "list": [
        {
          "name": "pages/myCase/myCase",
          "pathName": "pages/myCase/myCase",
          "query": "",
          "scene": null
        },
        {
          "name": "pages/myCase/caseDetail",
          "pathName": "pages/myCase/caseDetail",
          "query": "",
          "scene": null
        },
        {
          "name": "pages/myCase/searchCase",
          "pathName": "pages/myCase/searchCase",
          "query": "",
          "scene": null
        },
        {
          "name": "pages/apply/applyArbitration",
          "pathName": "pages/apply/applyArbitration",
          "query": "",
          "scene": null
        },
        {
          "name": "pages/login/login",
          "pathName": "pages/login/login",
          "query": "",
          "scene": null
        },
        {
          "name": "pages/messages/message",
          "pathName": "pages/messages/message",
          "query": "",
          "scene": null
        },
        {
          "name": "pages/login/next",
          "pathName": "pages/login/next",
          "query": "",
          "scene": null
        },
        {
          "name": "pages/caseCorret/caseCorret",
          "pathName": "pages/caseCorret/caseCorret",
          "query": "",
          "scene": null
        },
        {
          "name": "pages/news/newsList",
          "pathName": "pages/news/newsList",
          "query": "",
          "scene": null
        },
        {
          "name": "pages/caseCorret/caseDetail",
          "pathName": "pages/caseCorret/caseDetail",
          "query": "",
          "scene": null
        },
        {
          "name": "pages/caseCorret/success",
          "pathName": "pages/caseCorret/success",
          "query": "",
          "scene": null
        },
        {
          "name": "pages/news/newsDetail",
          "pathName": "pages/news/newsDetail",
          "query": "",
          "scene": null
        },
        {
          "name": "pages/index/index",
          "pathName": "pages/index/index",
          "scene": null
        }
      ]
    }
  }
}